"source","term_name","term_id","highlighted","adjusted_p_value","negative_log10_of_adjusted_p_value","term_size","query_size","intersection_size","effective_domain_size","intersections"
"GO:MF","oxidoreductase activity","GO:0016491","true","0.0019190682589370809","2.716909577660308","350","597","57","6539","YLR164W,YJL052W,YDR019C,YHR055C,Q0110,YCL026C-A,YKL107W,YCL018W,YHR053C,Q0060,YMR110C,YMR170C,YLR109W,YIR037W,YJR159W,Q0065,YDL246C,YIR038C,YLR070C,YBR026C,YHR176W,YKR009C,YGR209C,Q0275,YDR513W,YJR101W,YGL205W,YGR256W,YJR119C,YJR078W,YPL033C,YHR104W,YBR145W,YDR032C,YDL022W,Q0045,Q0055,YPL113C,YKL150W,Q0120,YBR213W,Q0115,YPL156C,YHR008C,Q0070,YKR076W,YGL010W,YDR376W,YGR088W,YAL061W,YMR169C,YAL060W,YNL274C,YJR149W,YOR374W,YOR297C,YGL256W"
"GO:BP","generation of precursor metabolites and energy","GO:0006091","true","0.0013175903890353929","2.880219581722423","241","593","45","6518","YLR164W,YJL052W,Q0110,YOL136C,YHR047C,Q0060,YPL219W,Q0065,YPR155C,YER054C,YCR012W,YAL054C,YAL038W,YKL035W,YLR446W,YEL039C,YBR026C,YBR085W,Q0275,YIL111W,YGR256W,YAL017W,YFR015C,YFL053W,YDR516C,YLR304C,YKR046C,YBR145W,YNL216W,YER067W,YNR001C,YGR043C,YKL152C,Q0045,YIR031C,Q0055,Q0120,Q0115,YLR134W,YLR087C,YDL021W,Q0070,YML070W,YOR374W,YGL256W"
"GO:BP","organonitrogen compound catabolic process","GO:1901565","true","0.007707372356253545","2.113093659002851","456","593","69","6518","YNR075W,YJL052W,YDR019C,YBR139W,YJL144W,YOL136C,YLR352W,YHR047C,YIL075C,YPL154C,YKL210W,YMR170C,YFL016C,YBR183W,YDR273W,YCR012W,YDR380W,YBR101C,YKL133C,YDR421W,YNL159C,YLR157C,YAL038W,YDR358W,YCL039W,YLR446W,YMR171C,YIL001W,YIR032C,YMR278W,YKR098C,YIR011C,YNL007C,YJR078W,YDR516C,YIL097W,YJR052W,YOL055C,YOR124C,YIR029W,YFR044C,YIR039C,YBR145W,YDL008W,YAL005C,YNL216W,YNR001C,YKL152C,YIR031C,YGR136W,YDL238C,YLL024C,YER094C,YHR139C,YLR134W,YLR308W,YDL132W,YEL060C,YDL021W,YGL010W,YKR075C,YKL022C,YLL039C,YKL103C,YMR169C,YMR250W,YNL008C,YGL256W,YGR087C"
"GO:BP","cellular response to toxic substance","GO:0097237","true","0.008614343543539444","2.064777812386702","37","593","13","6518","YHR055C,YHR053C,YLR109W,YIR037W,YIR038C,YDR513W,YJR101W,YFL053W,YJL068C,YHR008C,YKR076W,YML070W,YGR088W"
"GO:BP","carbohydrate metabolic process","GO:0005975","false","0.008705422215474556","2.0602101606288956","274","593","47","6518","YJL052W,YOL136C,YCL018W,YHR047C,YBR053C,YPR026W,YJR159W,YPL219W,YER054C,YCR012W,YDL246C,YAL038W,YMR280C,YCL039W,YKL035W,YLR446W,YJL216C,YLR070C,YMR278W,YGR256W,YAL017W,YFR015C,YFL053W,YDR516C,YIL097W,YHR210C,YHR104W,YGL156W,YMR261C,YBR145W,YNL216W,YNR001C,YGR043C,YKL152C,YDL022W,YML100W,YIR031C,YIL107C,YLR134W,YLR308W,YIL162W,YDL021W,YPL201C,YKR075C,YER096W,YML070W,YDR001C"
"GO:BP","small molecule catabolic process","GO:0044282","true","0.00874571677562915","2.0582045911088227","159","593","32","6518","YDR019C,YPL095C,YDR538W,YDR533C,YJR159W,YIL160C,YDR380W,YDR421W,YDL246C,YLR157C,YLR070C,YKR009C,YMR278W,YGL205W,YGR256W,YFL053W,YJR078W,YHR210C,YOL055C,YHR104W,YGL156W,YBR145W,YHR139C,YMR210W,YLR134W,YJL068C,YGL010W,YML070W,YMR250W,YNL274C,YGL256W,YGR087C"
"GO:BP","carbohydrate catabolic process","GO:0016052","false","0.016395171353250353","1.7852840399655099","100","593","23","6518","YJL052W,YOL136C,YPR026W,YJR159W,YCR012W,YDL246C,YAL038W,YLR446W,YJL216C,YLR070C,YGR256W,YFL053W,YDR516C,YHR210C,YHR104W,YGL156W,YNL216W,YKL152C,YLR308W,YIL162W,YDL021W,YML070W,YDR001C"
"GO:BP","cellular response to chemical stimulus","GO:0070887","false","0.022873998237935164","1.6406579166828683","410","593","62","6518","YOL164W,YHR055C,YNL014W,YJR066W,YCL026C-A,YDR085C,YIL101C,YJL144W,YGL195W,YJL080C,YHR053C,YDR043C,YOR018W,YDR538W,YPR026W,YDR533C,YLR109W,YIR037W,YFL052W,YIL160C,YPR196W,YBR101C,YPL230W,YNL159C,YIR038C,YMR280C,YJL110C,YCR091W,YGR209C,YDR513W,YJR101W,YIR011C,YOL128C,YFL053W,YNL007C,YOL081W,YCR021C,YDL006W,YHR104W,YOR173W,YGR043C,YOR052C,YDL022W,YDR461W,YLR259C,YKL150W,YBR066C,YNR047W,YNL173C,YJL068C,YHR008C,YDL132W,YKR076W,YJR100C,YML070W,YGR088W,YMR250W,YNL008C,YDR001C,YKL116C,YOR297C,YIL113W"
"GO:BP","response to oxidative stress","GO:0006979","true","0.027034834570780764","1.5680762835774216","131","593","27","6518","YHR055C,YNL014W,YJR066W,YCL026C-A,YIL101C,YGL195W,YHR053C,YDR538W,YDR533C,YLR109W,YIR037W,YGR209C,YDR513W,YJR101W,YOL081W,YCR021C,YHR104W,YOR173W,YGR043C,YDR171W,YKL150W,YHR008C,YJR100C,YGR088W,YMR250W,YKL116C,YOR297C"
"GO:BP","response to toxic substance","GO:0009636","false","0.0352643121609473","1.4526645827570897","53","593","15","6518","YHR055C,YHR053C,YNR064C,YLR109W,YIR037W,YIR038C,YDR513W,YJR101W,YFL053W,YJL068C,YHR008C,YKR076W,YML070W,YGR088W,YGR263C"
"GO:BP","organic substance catabolic process","GO:1901575","false","0.03930107369465777","1.4055955846552228","780","593","102","6518","YNR075W,YJL052W,YDR019C,YBR139W,YJL144W,YOL136C,YLR352W,YPL095C,YHR047C,YIL075C,YPL154C,YDR538W,YKL210W,YMR110C,YPR026W,YDR533C,YMR170C,YJR159W,YFL016C,YIL160C,YBR183W,YDR273W,YCR012W,YDR380W,YBR101C,YJR091C,YKL133C,YDR421W,YDL246C,YNL159C,YLR157C,YAL038W,YDR358W,YCL039W,YLR446W,YJL216C,YLR070C,YMR171C,YIL001W,YBR167C,YKR009C,YIR032C,YMR278W,YKR098C,YGL205W,YIR011C,YGR256W,YJR119C,YFL053W,YNL007C,YJR078W,YDR516C,YDR374C,YIL097W,YHR210C,YJR052W,YOL055C,YHR104W,YOR124C,YGL156W,YIR029W,YFR044C,YLR154C,YIR039C,YBR145W,YDL008W,YOR173W,YAL005C,YNL216W,YNR001C,YKL152C,YDL022W,YIR031C,YGR136W,YDL238C,YLL024C,YER094C,YIL079C,YHR139C,YMR210W,YLR134W,YLR308W,YJL068C,YIL162W,YDL132W,YEL060C,YDL021W,YGL094C,YNL012W,YGL010W,YKR075C,YKL022C,YML070W,YLL039C,YKL103C,YMR169C,YMR250W,YNL008C,YNL274C,YDR001C,YGL256W,YGR087C"
"GO:BP","cellular response to oxidative stress","GO:0034599","false","0.04390373790511347","1.3574985029365185","113","593","24","6518","YHR055C,YNL014W,YJR066W,YCL026C-A,YIL101C,YGL195W,YHR053C,YDR538W,YDR533C,YLR109W,YIR037W,YGR209C,YDR513W,YJR101W,YOL081W,YCR021C,YHR104W,YGR043C,YKL150W,YHR008C,YJR100C,YMR250W,YKL116C,YOR297C"
"GO:BP","energy derivation by oxidation of organic compounds","GO:0015980","false","0.04715116637584641","1.3265075596747204","180","593","33","6518","YLR164W,Q0110,YHR047C,Q0060,YPL219W,Q0065,YPR155C,YER054C,YAL054C,YKL035W,YEL039C,YBR026C,YBR085W,Q0275,YIL111W,YAL017W,YFR015C,YFL053W,YLR304C,YKR046C,YBR145W,YER067W,YNR001C,Q0045,YIR031C,Q0055,Q0120,Q0115,YLR134W,YLR087C,Q0070,YML070W,YGL256W"
"GO:BP","energy coupled proton transmembrane transport, against electrochemical gradient","GO:0015988","false","0.04991365943111838","1.3017805885694351","4","593","4","6518","Q0060,Q0065,Q0045,Q0070"
"GO:BP","electron transport coupled proton transport","GO:0015990","true","0.04991365943111838","1.3017805885694351","4","593","4","6518","Q0060,Q0065,Q0045,Q0070"
"KEGG","Glycolysis / Gluconeogenesis","KEGG:00010","false","0.000012385785878834857","4.9070764321937395","55","169","17","2161","YJL052W,YMR110C,YMR170C,YCR012W,YAL054C,YAL038W,YLR446W,YMR278W,YDR516C,YBR145W,YKL152C,YLR134W,YDL021W,YMR169C,YOR374W,YGL256W,YGR087C"
"KEGG","Metabolic pathways","KEGG:01100","false","0.0003694215209242181","3.432477808012218","798","169","89","2161","YLR164W,YJL052W,YDR019C,Q0110,YKL104C,YOL136C,YCL018W,YFL060C,YDR538W,YMR110C,YGL184C,YPR026W,YDR533C,YMR170C,YJR159W,YIL083C,YIL160C,YBR183W,YJL132W,YCR012W,YDR380W,YAL054C,YDL246C,YIR038C,YLR157C,YAL038W,YKL035W,YLR446W,YJL216C,YLR070C,YEL039C,YPL148C,YBR026C,YKR009C,Q0275,YIR032C,YMR278W,YGL205W,YIL111W,YGR256W,YFR015C,YFL053W,YJR078W,YDR516C,YLR304C,YOL055C,YHR104W,YIR029W,YFR044C,YMR261C,YBR145W,YDR032C,YNR001C,YGR043C,YKL152C,Q0045,YDL024C,YML100W,YNR058W,YIR031C,YDL238C,YIL107C,YNL325C,YER052C,Q0120,Q0085,YBR213W,Q0115,YLR134W,YLR308W,YNL129W,YJL068C,YIL162W,YGL037C,YDL021W,YNL332W,YOR251C,YGL026C,YML070W,YGR088W,YMR169C,YMR250W,YNL274C,YDR001C,YNL168C,YJR149W,YOR374W,YGL256W,YGR087C"
"KEGG","beta-Alanine metabolism","KEGG:00410","false","0.0006540368959529957","3.1843977512830537","13","169","7","2161","YMR110C,YMR170C,YKR009C,YGL205W,YMR169C,YMR250W,YOR374W"
"KEGG","Biosynthesis of secondary metabolites","KEGG:01110","false","0.0018311220642338746","2.7372827042748944","351","169","47","2161","YLR164W,YJL052W,YDR019C,YCL018W,YDR538W,YMR110C,YGL184C,YPR026W,YMR170C,YIL160C,YCR012W,YAL054C,YLR157C,YAL038W,YKL035W,YLR446W,YMR278W,YGL205W,YGR256W,YFR015C,YDR516C,YLR304C,YMR261C,YBR145W,YDR032C,YNR001C,YGR043C,YKL152C,YDL022W,YML100W,YIR031C,YER052C,YBR213W,YLR134W,YIL162W,YDL021W,YGL026C,YGR088W,YAL061W,YMR169C,YAL060W,YMR250W,YNL274C,YDR001C,YOR374W,YGL256W,YGR087C"
"KEGG","Fatty acid degradation","KEGG:00071","false","0.002383735198528705","2.622741990628587","20","169","8","2161","YMR110C,YMR170C,YIL160C,YGL205W,YBR145W,YMR169C,YOR374W,YGL256W"
"KEGG","Carbon metabolism","KEGG:01200","false","0.00328719605015323","2.483174393587779","112","169","21","2161","YLR164W,YJL052W,YDR019C,YCR012W,YAL054C,YAL038W,YLR446W,YKR009C,YGL205W,YGR256W,YFL053W,YDR516C,YLR304C,YNR001C,YGR043C,YKL152C,YIR031C,YJL068C,YDL021W,YML070W,YGR088W"
"KEGG","Starch and sucrose metabolism","KEGG:00500","false","0.0069349940306830254","2.158953908410817","41","169","11","2161","YPR026W,YKL035W,YLR446W,YJL216C,YMR278W,YFR015C,YDR516C,YMR261C,YML100W,YIL162W,YDR001C"
"KEGG","Fructose and mannose metabolism","KEGG:00051","false","0.007559840520138963","2.1214873661329436","23","169","8","2161","YOL136C,YJR159W,YDL246C,YLR446W,YFL053W,YDR516C,YIL107C,YML070W"
"KEGG","Pentose and glucuronate interconversions","KEGG:00040","false","0.049982601733109644","1.3011811413883463","12","169","5","2161","YJR159W,YDL246C,YKL035W,YLR070C,YHR104W"
"WP","Trehalose anabolism","WP:WP398","false","0.00616886479524353","2.209794748206845","9","62","5","841","YPR026W,YKL035W,YMR261C,YML100W,YDR001C"
"WP","Principal pathways of carbon metabolism","WP:WP112","false","0.00893968930893061","2.048677574466017","79","62","15","841","YJL052W,YCR012W,YAL054C,YAL038W,YGR256W,YLR304C,YBR145W,YNR001C,YKL152C,YDL022W,YIR031C,YLR134W,YOR374W,YGL256W,YGR087C"
"WP","Phenylalanine degradation","WP:WP573","false","0.020130094533098296","1.6961541856127589","11","62","5","841","YDR380W,YBR145W,YLR134W,YGL256W,YGR087C"
"WP","Tryptophan degradation","WP:WP301","false","0.032557165032486256","1.4873534190270277","12","62","5","841","YDR380W,YBR145W,YLR134W,YGL256W,YGR087C"
"TF","Factor: HSF; motif: AGAANNTTCTAGAAN","TF:M00169","false","0.0066309046610332385","2.1784272163173433","497","601","71","6599","YDL026W,YAL048C,YDL012C,YPL257W,YBR118W,YNL193W,YLR164W,YGL194C,YPR098C,YBL043W,YCL018W,YBR025C,YOL032W,YAR031W,YDR412W,YPL005W,YPL219W,YCR012W,YBR101C,YGR218W,YOR072W,YGL193C,YLL037W,YMR280C,YJL216C,YLR035C,YJL214W,YJL066C,YKR009C,YGL230C,YOR024W,YNL055C,YJR046W,YDR513W,YHR002W,YDR426C,YGR256W,YCR018C,YNL007C,YDR424C,YGR107W,YOL081W,YER079W,YPR047W,YHR104W,YML041C,YNL133C,YAL005C,YPR007C,YPR045C,YML100W,YLR259C,YLL024C,YDR171W,YFR012W,YMR103C,YLR114C,YIL165C,YBR051W,YGL052W,YLL042C,YLL039C,YER135C,YER097W,YLR263W,YDR101C,YDR214W,YMR252C,YOR374W,YGR250C,YGR146C"
"TF","Factor: TBP; motif: YNTTTATAT; match class: 1","TF:M00713_1","false","0.013847106611027052","1.8586409640824886","57","601","15","6599","Q0110,Q0060,YOL015W,YKL042W,Q0065,Q0050,Q0275,Q0140,YNL093W,Q0045,Q0055,Q0120,Q0085,Q0115,Q0070"
"TF","Factor: TBP; motif: YNTTTATAT","TF:M00713","false","0.024445629366419187","1.6117987771015407","536","601","73","6599","YAL048C,YJL052W,YDR254W,Q0110,YKL104C,YLR352W,YGR067C,Q0060,YMR110C,YOL015W,YAR020C,YKL042W,YPL135W,YIL060W,YIL160C,Q0065,Q0050,YLR383W,YDR218C,YNL242W,Q0275,YKR098C,Q0140,YOR170W,YFL017W-A,YBR067C,YGR107W,YDL110C,YDR374C,YEL057C,YER079W,YKR046C,YGL033W,YIL163C,YPR047W,YBR203W,YDR327W,YGL188C,YNL093W,YJL111W,YDR077W,YDL008W,YOR107W,YML005W,YPR045C,Q0045,YPL058C,YEL010W,YHR049W,YML100W,YGR136W,YGR137W,Q0055,YPL152W,YPL240C,Q0120,Q0085,YFR012W,YBR066C,Q0115,YIR040C,YHR008C,YIL162W,YGL037C,YDL021W,Q0070,YIL165C,YGL052W,YGL010W,YEL030W,YMR250W,YBL078C,YGR250C"
"HP","Retinal telangiectasia","HP:0007763","false","0.000039083106197927275","4.408010927271309","10","101","8","1334","Q0110,Q0065,Q0275,Q0045,Q0120,Q0085,Q0115,Q0070"
"HP","Centrocecal scotoma","HP:0000576","false","0.000039083106197927275","4.408010927271309","10","101","8","1334","Q0110,Q0065,Q0275,Q0045,Q0120,Q0085,Q0115,Q0070"
"HP","Mitochondrial respiratory chain defects","HP:0200125","false","0.0018846520674356843","2.7247688147631974","18","101","9","1334","Q0110,Q0065,YJL216C,Q0275,Q0045,Q0120,Q0085,Q0115,Q0070"
"HP","Mitochondrial inheritance","HP:0001427","false","0.0020164069919681865","2.6954218052985883","14","101","8","1334","Q0110,Q0065,Q0275,Q0045,Q0120,Q0085,Q0115,Q0070"
"HP","Myopathy","HP:0003198","false","0.00326362604813041","2.4862996092740097","120","101","24","1334","YER175C,Q0110,YJR061W,YPL135W,YIL083C,Q0065,YCR012W,YBR101C,YGR127W,Q0275,YFL053W,YGL156W,YKL152C,Q0045,YGR136W,Q0120,Q0085,Q0115,YDL021W,Q0070,YLL050C,YPR154W,YML070W,YOR297C"
"HP","Myoglobinuria","HP:0002913","false","0.005722543639994011","2.2424108867204664","20","101","9","1334","YPL135W,Q0065,YCR012W,YGR127W,Q0275,YKL152C,Q0045,YDL021W,Q0070"
"HP","Blurred vision","HP:0000622","false","0.007599068118723974","2.1192396624178933","16","101","8","1334","Q0110,Q0065,Q0275,Q0045,Q0120,Q0085,Q0115,Q0070"
"HP","Stroke-like episode","HP:0002401","false","0.008022743808432566","2.0956770759715684","12","101","7","1334","Q0110,Q0065,Q0275,Q0045,Q0120,Q0115,Q0070"
"HP","Personality changes","HP:0000751","false","0.011005507605293832","1.9583899217526937","32","101","11","1334","YJR159W,Q0065,YDL246C,YLR070C,Q0275,YGR178C,YBR145W,Q0045,Q0070,YAL061W,YAL060W"
"HP","Slow decrease in visual acuity","HP:0007924","false","0.013460350003106114","1.8709436472114946","17","101","8","1334","Q0110,Q0065,Q0275,Q0045,Q0120,Q0085,Q0115,Q0070"
"HP","Left ventricular hypertrophy","HP:0001712","false","0.014171993144710428","1.8485690664161363","45","101","13","1334","Q0110,YGR238C,Q0065,Q0275,YFR015C,Q0045,YGR136W,Q0120,YKL151C,Q0115,Q0070,YPR154W,YOR297C"
"HP","Leber optic atrophy","HP:0001112","false","0.015217520652229134","1.817656100178334","6","101","5","1334","Q0110,Q0275,Q0120,Q0085,Q0115"
"HP","Scotoma","HP:0000575","false","0.030860060229894227","1.5106032306550745","48","101","13","1334","Q0110,Q0065,Q0275,YDR516C,YLR304C,YNL093W,Q0045,Q0120,Q0085,YMR279C,Q0115,Q0070,YDR376W"
"HP","Sporadic","HP:0003745","false","0.030860060229894227","1.5106032306550745","48","101","13","1334","YPL054W,YJR159W,YER029C,YDL246C,YLR070C,YCR091W,YGR178C,YOR036W,YBR145W,YPL113C,YNR047W,YAL061W,YAL060W"
"HP","Exercise-induced myalgia","HP:0003738","false","0.0344183996882469","1.463209326417549","24","101","9","1334","Q0065,YCR012W,Q0275,YKL152C,Q0045,YGR136W,YDL021W,Q0070,YPR154W"
"HP","Retinal vascular tortuosity","HP:0012841","false","0.0344183996882469","1.463209326417549","24","101","9","1334","YER175C,Q0110,Q0065,Q0275,Q0045,Q0120,Q0085,Q0115,Q0070"
"HP","Central scotoma","HP:0000603","false","0.0395710652100052","1.402622258841864","36","101","11","1334","Q0110,Q0065,Q0275,YNL093W,Q0045,Q0120,Q0085,YMR279C,Q0115,Q0070,YDR376W"
